{
    "loss": 0.8442125916481018,
    "accuracy": 0.9568965435028076
}