{
    "loss": 0.8752874732017517,
    "accuracy": 0.9741379022598267
}